<?xml version="1.0" encoding="UTF-8"?>
<project-private xmlns="http://www.netbeans.org/ns/project-private/1">
    <editor-bookmarks xmlns="http://www.netbeans.org/ns/editor-bookmarks/2" lastBookmarkId="0"/>
    <open-files xmlns="http://www.netbeans.org/ns/projectui-open-files/2">
        <group>
            <file>file:/C:/Users/Chris/Documents/NetBeansProjects/ITP4511_assignment/src/java/ict/servlet/LoginHandler.java</file>
            <file>file:/C:/Users/Chris/Documents/NetBeansProjects/ITP4511_assignment/src/java/ict/servlet/RegisterHandler.java</file>
            <file>file:/C:/Users/Chris/Documents/NetBeansProjects/ITP4511_assignment/src/java/ict/db/CustomerDB.java</file>
            <file>file:/C:/Users/Chris/Documents/NetBeansProjects/ITP4511_assignment/web/index.jsp</file>
        </group>
    </open-files>
</project-private>
