<?xml version="1.0" encoding="UTF-8"?>
<project-private xmlns="http://www.netbeans.org/ns/project-private/1">
    <editor-bookmarks xmlns="http://www.netbeans.org/ns/editor-bookmarks/2" lastBookmarkId="0"/>
    <open-files xmlns="http://www.netbeans.org/ns/projectui-open-files/2">
        <group>
            <file>file:/Users/ccwai/Documents/Github/e-commerce/e-commerce/ITP4511_assignment/src/java/ict/servlet/CustomerHandler.java</file>
            <file>file:/Users/ccwai/Documents/Github/e-commerce/e-commerce/ITP4511_assignment/src/java/ict/db/OrderDB.java</file>
            <file>file:/Users/ccwai/Documents/Github/e-commerce/e-commerce/ITP4511_assignment/src/java/ict/test/test.java</file>
            <file>file:/Users/ccwai/Documents/Github/e-commerce/e-commerce/ITP4511_assignment/src/java/ict/db/CustomerDB.java</file>
            <file>file:/Users/ccwai/Documents/Github/e-commerce/e-commerce/ITP4511_assignment/web/member.jsp</file>
        </group>
    </open-files>
</project-private>
